UserName,IsFollowing,Name
hayley.y.ahmad,Follow,
UserName,IsFollowing,Name
hayley.y.ahmad,Follow,
Name,IsFollowing,UserName
,Follow,hayley.y.ahmad
IsFollowing,UserName,Name
Follow,hayley.y.ahmad,
Follow,gerda_x_xgibney,
Follow,makeupart_byelena,elena.polycarpou
UserName,Name,IsFollowing
hayley.y.ahmad,,Follow
gerda_x_xgibney,,Follow
makeupart_byelena,elena.polycarpou,Follow
IsFollowing,UserName,Name
Follow,hayley.y.ahmad,
Follow,gerda_x_xgibney,
Follow,makeupart_byelena,elena.polycarpou
IsFollowing,UserName,Name
Follow,hayley.y.ahmad,
Follow,gerda_x_xgibney,
Follow,makeupart_byelena,elena.polycarpou
IsFollowing,Name,UserName
Follow,,hayley.y.ahmad
Follow,,gerda_x_xgibney
Follow,elena.polycarpou,makeupart_byelena
UserName,IsFollowing,Name
hayley.y.ahmad,Follow,
gerda_x_xgibney,Follow,
makeupart_byelena,Follow,elena.polycarpou
